function,mode,run,call,latency_s,http_code
notify-java,cold,1,1,3.248068,200
notify-java,warm,1,2,0.015058,200
notify-java,warm,1,3,0.010065,200
notify-java,warm,1,4,0.012500,200
notify-java,warm,1,5,0.023096,200
notify-java,warm,1,6,0.009440,200
notify-java,cold,2,1,2.800552,200
notify-java,warm,2,2,0.015261,200
notify-java,warm,2,3,0.009487,200
notify-java,warm,2,4,0.007049,200
notify-java,warm,2,5,0.006561,200
notify-java,warm,2,6,0.007965,200
notify-java,cold,3,1,2.372069,200
notify-java,warm,3,2,0.009665,200
notify-java,warm,3,3,0.021014,200
notify-java,warm,3,4,0.006764,200
notify-java,warm,3,5,0.005904,200
notify-java,warm,3,6,0.007336,200
notify-java,cold,4,1,3.509491,200
notify-java,warm,4,2,0.012985,200
notify-java,warm,4,3,0.009115,200
notify-java,warm,4,4,0.007810,200
notify-java,warm,4,5,0.008275,200
notify-java,warm,4,6,0.012113,200
notify-java,cold,5,1,4.651489,200
notify-java,warm,5,2,0.015911,200
notify-java,warm,5,3,0.009977,200
notify-java,warm,5,4,0.007302,200
notify-java,warm,5,5,0.007988,200
notify-java,warm,5,6,0.008632,200
notify-java,prewarmed,1,1,0.209939,200
notify-java,prewarmed,1,2,0.010609,200
notify-java,prewarmed,1,3,0.007085,200
notify-java,prewarmed,1,4,0.007519,200
notify-java,prewarmed,1,5,0.006786,200
notify-go,cold,1,1,1.054530,200
notify-go,warm,1,2,0.007220,200
notify-go,warm,1,3,0.006322,200
notify-go,warm,1,4,0.005336,200
notify-go,warm,1,5,0.005451,200
notify-go,warm,1,6,0.009402,200
notify-go,cold,2,1,1.013239,200
notify-go,warm,2,2,0.006933,200
notify-go,warm,2,3,0.006721,200
notify-go,warm,2,4,0.005012,200
notify-go,warm,2,5,0.014350,200
notify-go,warm,2,6,0.012313,200
notify-go,cold,3,1,0.972217,200
notify-go,warm,3,2,0.006402,200
notify-go,warm,3,3,0.005343,200
notify-go,warm,3,4,0.004228,200
notify-go,warm,3,5,0.005712,200
notify-go,warm,3,6,0.004338,200
notify-go,cold,4,1,0.916741,200
notify-go,warm,4,2,0.032082,200
notify-go,warm,4,3,0.010093,200
notify-go,warm,4,4,0.004586,200
notify-go,warm,4,5,0.003787,200
notify-go,warm,4,6,0.006131,200
notify-go,cold,5,1,1.157494,200
notify-go,warm,5,2,0.054642,200
notify-go,warm,5,3,0.090185,200
notify-go,warm,5,4,0.005700,200
notify-go,warm,5,5,0.004812,200
notify-go,warm,5,6,0.005706,200
notify-go,prewarmed,1,1,0.023887,200
notify-go,prewarmed,1,2,0.005852,200
notify-go,prewarmed,1,3,0.005941,200
notify-go,prewarmed,1,4,0.006571,200
notify-go,prewarmed,1,5,0.004727,200
